,Label.SRA,Label.Bakker,SAMN,year,collect,plot,CO2,plant,tissue,biol,Sample_or_Control,is.neg,plot_n
SRR9124636,SRR9124636,FACE216,SAMN11840454,Y18,2018_07_24,Y18_Plot2,Ambient,Y18_Plot2_06,leaf,FACE,Sample,FALSE,1
SRR9124637,SRR9124637,FACE247,SAMN11840457,Y18,2018_07_31,Y18_Plot2,Ambient,Y18_Plot2_08,leaf,FACE,Sample,FALSE,1
SRR9124640,SRR9124640,FACE248,SAMN11840458,Y18,2018_07_31,Y18_Plot2,Ambient,Y18_Plot2_08,leaf,FACE,Sample,FALSE,1
SRR9124818,SRR9124818,FACE215,SAMN11840453,Y18,2018_07_24,Y18_Plot2,Ambient,Y18_Plot2_06,leaf,FACE,Sample,FALSE,1
SRR9124826,SRR9124826,FACE151,SAMN11840445,Y18,2018_07_10,Y18_Plot2,Ambient,Y18_Plot2_02,leaf,FACE,Sample,FALSE,1
SRR9124827,SRR9124827,FACE152,SAMN11840446,Y18,2018_07_10,Y18_Plot2,Ambient,Y18_Plot2_02,leaf,FACE,Sample,FALSE,1
SRR9124830,SRR9124830,FACE183,SAMN11840449,Y18,2018_07_17,Y18_Plot2,Ambient,Y18_Plot2_04,leaf,FACE,Sample,FALSE,1
SRR9124831,SRR9124831,FACE184,SAMN11840450,Y18,2018_07_17,Y18_Plot2,Ambient,Y18_Plot2_04,leaf,FACE,Sample,FALSE,1
SRR9124635,SRR9124635,FACE245,SAMN11840455,Y18,2018_07_31,Y18_Plot2,Ambient,Y18_Plot2_07,spike,FACE,Sample,FALSE,1
SRR9124638,SRR9124638,FACE246,SAMN11840456,Y18,2018_07_31,Y18_Plot2,Ambient,Y18_Plot2_07,spike,FACE,Sample,FALSE,1
SRR9124817,SRR9124817,FACE214,SAMN11840452,Y18,2018_07_24,Y18_Plot2,Ambient,Y18_Plot2_05,spike,FACE,Sample,FALSE,1
SRR9124825,SRR9124825,FACE150,SAMN11840444,Y18,2018_07_10,Y18_Plot2,Ambient,Y18_Plot2_01,spike,FACE,Sample,FALSE,1
SRR9124828,SRR9124828,FACE181,SAMN11840447,Y18,2018_07_17,Y18_Plot2,Ambient,Y18_Plot2_03,spike,FACE,Sample,FALSE,1
SRR9124829,SRR9124829,FACE182,SAMN11840448,Y18,2018_07_17,Y18_Plot2,Ambient,Y18_Plot2_03,spike,FACE,Sample,FALSE,1
SRR9124832,SRR9124832,FACE213,SAMN11840451,Y18,2018_07_24,Y18_Plot2,Ambient,Y18_Plot2_05,spike,FACE,Sample,FALSE,1
SRR9124864,SRR9124864,FACE149,SAMN11840443,Y18,2018_07_10,Y18_Plot2,Ambient,Y18_Plot2_01,spike,FACE,Sample,FALSE,1
SRR9124695,SRR9124695,FACE255,SAMN11840489,Y18,2018_07_31,Y18_Plot4,Ambient,Y18_Plot4_08,leaf,FACE,Sample,FALSE,2
SRR9124696,SRR9124696,FACE256,SAMN11840490,Y18,2018_07_31,Y18_Plot4,Ambient,Y18_Plot4_08,leaf,FACE,Sample,FALSE,2
SRR9124699,SRR9124699,FACE223,SAMN11840485,Y18,2018_07_24,Y18_Plot4,Ambient,Y18_Plot4_06,leaf,FACE,Sample,FALSE,2
SRR9124700,SRR9124700,FACE224,SAMN11840486,Y18,2018_07_24,Y18_Plot4,Ambient,Y18_Plot4_06,leaf,FACE,Sample,FALSE,2
SRR9124740,SRR9124740,FACE192,SAMN11840482,Y18,2018_07_17,Y18_Plot4,Ambient,Y18_Plot4_04,leaf,FACE,Sample,FALSE,2
SRR9124746,SRR9124746,FACE191,SAMN11840481,Y18,2018_07_17,Y18_Plot4,Ambient,Y18_Plot4_04,leaf,FACE,Sample,FALSE,2
SRR9124694,SRR9124694,FACE254,SAMN11840488,Y18,2018_07_31,Y18_Plot4,Ambient,Y18_Plot4_07,spike,FACE,Sample,FALSE,2
SRR9124698,SRR9124698,FACE222,SAMN11840484,Y18,2018_07_24,Y18_Plot4,Ambient,Y18_Plot4_05,spike,FACE,Sample,FALSE,2
SRR9124701,SRR9124701,FACE253,SAMN11840487,Y18,2018_07_31,Y18_Plot4,Ambient,Y18_Plot4_07,spike,FACE,Sample,FALSE,2
SRR9124739,SRR9124739,FACE221,SAMN11840483,Y18,2018_07_24,Y18_Plot4,Ambient,Y18_Plot4_05,spike,FACE,Sample,FALSE,2
SRR9124743,SRR9124743,FACE158,SAMN11840476,Y18,2018_07_10,Y18_Plot4,Ambient,Y18_Plot4_01,spike,FACE,Sample,FALSE,2
SRR9124744,SRR9124744,FACE157,SAMN11840475,Y18,2018_07_10,Y18_Plot4,Ambient,Y18_Plot4_01,spike,FACE,Sample,FALSE,2
SRR9124747,SRR9124747,FACE190,SAMN11840480,Y18,2018_07_17,Y18_Plot4,Ambient,Y18_Plot4_03,spike,FACE,Sample,FALSE,2
SRR9124748,SRR9124748,FACE189,SAMN11840479,Y18,2018_07_17,Y18_Plot4,Ambient,Y18_Plot4_03,spike,FACE,Sample,FALSE,2
SRR9124668,SRR9124668,FACE168,SAMN11840510,Y18,2018_07_10,Y18_Plot6,Ambient,Y18_Plot6_02,leaf,FACE,Sample,FALSE,3
SRR9124669,SRR9124669,FACE167,SAMN11840509,Y18,2018_07_10,Y18_Plot6,Ambient,Y18_Plot6_02,leaf,FACE,Sample,FALSE,3
SRR9124677,SRR9124677,FACE199,SAMN11840513,Y18,2018_07_17,Y18_Plot6,Ambient,Y18_Plot6_04,leaf,FACE,Sample,FALSE,3
SRR9124713,SRR9124713,FACE231,SAMN11840517,Y18,2018_07_24,Y18_Plot6,Ambient,Y18_Plot6_06,leaf,FACE,Sample,FALSE,3
SRR9124714,SRR9124714,FACE200,SAMN11840514,Y18,2018_07_17,Y18_Plot6,Ambient,Y18_Plot6_04,leaf,FACE,Sample,FALSE,3
SRR9124717,SRR9124717,FACE263,SAMN11840521,Y18,2018_07_31,Y18_Plot6,Ambient,Y18_Plot6_08,leaf,FACE,Sample,FALSE,3
SRR9124718,SRR9124718,FACE232,SAMN11840518,Y18,2018_07_24,Y18_Plot6,Ambient,Y18_Plot6_06,leaf,FACE,Sample,FALSE,3
SRR9124722,SRR9124722,FACE264,SAMN11840522,Y18,2018_07_31,Y18_Plot6,Ambient,Y18_Plot6_08,leaf,FACE,Sample,FALSE,3
SRR9124667,SRR9124667,FACE197,SAMN11840511,Y18,2018_07_17,Y18_Plot6,Ambient,Y18_Plot6_03,spike,FACE,Sample,FALSE,3
SRR9124670,SRR9124670,FACE166,SAMN11840508,Y18,2018_07_10,Y18_Plot6,Ambient,Y18_Plot6_01,spike,FACE,Sample,FALSE,3
SRR9124671,SRR9124671,FACE165,SAMN11840507,Y18,2018_07_10,Y18_Plot6,Ambient,Y18_Plot6_01,spike,FACE,Sample,FALSE,3
SRR9124678,SRR9124678,FACE198,SAMN11840512,Y18,2018_07_17,Y18_Plot6,Ambient,Y18_Plot6_03,spike,FACE,Sample,FALSE,3
SRR9124716,SRR9124716,FACE262,SAMN11840520,Y18,2018_07_31,Y18_Plot6,Ambient,Y18_Plot6_07,spike,FACE,Sample,FALSE,3
SRR9124719,SRR9124719,FACE261,SAMN11840519,Y18,2018_07_31,Y18_Plot6,Ambient,Y18_Plot6_07,spike,FACE,Sample,FALSE,3
SRR9124782,SRR9124782,FACE272,SAMN11840554,Y18,2018_07_31,Y18_Plot8,Ambient,Y18_Plot8_08,leaf,FACE,Sample,FALSE,4
SRR9124809,SRR9124809,FACE175,SAMN11840541,Y18,2018_07_10,Y18_Plot8,Ambient,Y18_Plot8_02,leaf,FACE,Sample,FALSE,4
SRR9124815,SRR9124815,FACE176,SAMN11840542,Y18,2018_07_10,Y18_Plot8,Ambient,Y18_Plot8_02,leaf,FACE,Sample,FALSE,4
SRR9124834,SRR9124834,FACE208,SAMN11840546,Y18,2018_07_17,Y18_Plot8,Ambient,Y18_Plot8_04,leaf,FACE,Sample,FALSE,4
SRR9124835,SRR9124835,FACE207,SAMN11840545,Y18,2018_07_17,Y18_Plot8,Ambient,Y18_Plot8_04,leaf,FACE,Sample,FALSE,4
SRR9124838,SRR9124838,FACE240,SAMN11840550,Y18,2018_07_24,Y18_Plot8,Ambient,Y18_Plot8_06,leaf,FACE,Sample,FALSE,4
SRR9124839,SRR9124839,FACE239,SAMN11840549,Y18,2018_07_24,Y18_Plot8,Ambient,Y18_Plot8_06,leaf,FACE,Sample,FALSE,4
SRR9124841,SRR9124841,FACE271,SAMN11840553,Y18,2018_07_31,Y18_Plot8,Ambient,Y18_Plot8_08,leaf,FACE,Sample,FALSE,4
SRR9124807,SRR9124807,FACE173,SAMN11840539,Y18,2018_07_10,Y18_Plot8,Ambient,Y18_Plot8_01,spike,FACE,Sample,FALSE,4
SRR9124808,SRR9124808,FACE174,SAMN11840540,Y18,2018_07_10,Y18_Plot8,Ambient,Y18_Plot8_01,spike,FACE,Sample,FALSE,4
SRR9124816,SRR9124816,FACE205,SAMN11840543,Y18,2018_07_17,Y18_Plot8,Ambient,Y18_Plot8_03,spike,FACE,Sample,FALSE,4
SRR9124833,SRR9124833,FACE237,SAMN11840547,Y18,2018_07_24,Y18_Plot8,Ambient,Y18_Plot8_05,spike,FACE,Sample,FALSE,4
SRR9124836,SRR9124836,FACE206,SAMN11840544,Y18,2018_07_17,Y18_Plot8,Ambient,Y18_Plot8_03,spike,FACE,Sample,FALSE,4
SRR9124837,SRR9124837,FACE269,SAMN11840551,Y18,2018_07_31,Y18_Plot8,Ambient,Y18_Plot8_07,spike,FACE,Sample,FALSE,4
SRR9124840,SRR9124840,FACE238,SAMN11840548,Y18,2018_07_24,Y18_Plot8,Ambient,Y18_Plot8_05,spike,FACE,Sample,FALSE,4
SRR9124842,SRR9124842,FACE270,SAMN11840552,Y18,2018_07_31,Y18_Plot8,Ambient,Y18_Plot8_07,spike,FACE,Sample,FALSE,4
SRR9124769,SRR9124769,FACE179,SAMN11840433,Y18,2018_07_17,Y18_Plot1,Elevated,Y18_Plot1_04,leaf,FACE,Sample,FALSE,1
SRR9124770,SRR9124770,FACE148,SAMN11840430,Y18,2018_07_10,Y18_Plot1,Elevated,Y18_Plot1_02,leaf,FACE,Sample,FALSE,1
SRR9124773,SRR9124773,FACE147,SAMN11840429,Y18,2018_07_10,Y18_Plot1,Elevated,Y18_Plot1_02,leaf,FACE,Sample,FALSE,1
SRR9124850,SRR9124850,FACE243,SAMN11840441,Y18,2018_07_31,Y18_Plot1,Elevated,Y18_Plot1_08,leaf,FACE,Sample,FALSE,1
SRR9124853,SRR9124853,FACE212,SAMN11840438,Y18,2018_07_24,Y18_Plot1,Elevated,Y18_Plot1_06,leaf,FACE,Sample,FALSE,1
SRR9124854,SRR9124854,FACE211,SAMN11840437,Y18,2018_07_24,Y18_Plot1,Elevated,Y18_Plot1_06,leaf,FACE,Sample,FALSE,1
SRR9124857,SRR9124857,FACE180,SAMN11840434,Y18,2018_07_17,Y18_Plot1,Elevated,Y18_Plot1_04,leaf,FACE,Sample,FALSE,1
SRR9124865,SRR9124865,FACE244,SAMN11840442,Y18,2018_07_31,Y18_Plot1,Elevated,Y18_Plot1_08,leaf,FACE,Sample,FALSE,1
SRR9124768,SRR9124768,FACE178,SAMN11840432,Y18,2018_07_17,Y18_Plot1,Elevated,Y18_Plot1_03,spike,FACE,Sample,FALSE,1
SRR9124771,SRR9124771,FACE177,SAMN11840431,Y18,2018_07_17,Y18_Plot1,Elevated,Y18_Plot1_03,spike,FACE,Sample,FALSE,1
SRR9124772,SRR9124772,FACE146,SAMN11840428,Y18,2018_07_10,Y18_Plot1,Elevated,Y18_Plot1_01,spike,FACE,Sample,FALSE,1
SRR9124775,SRR9124775,FACE145,SAMN11840427,Y18,2018_07_10,Y18_Plot1,Elevated,Y18_Plot1_01,spike,FACE,Sample,FALSE,1
SRR9124851,SRR9124851,FACE242,SAMN11840440,Y18,2018_07_31,Y18_Plot1,Elevated,Y18_Plot1_07,spike,FACE,Sample,FALSE,1
SRR9124852,SRR9124852,FACE241,SAMN11840439,Y18,2018_07_31,Y18_Plot1,Elevated,Y18_Plot1_07,spike,FACE,Sample,FALSE,1
SRR9124855,SRR9124855,FACE210,SAMN11840436,Y18,2018_07_24,Y18_Plot1,Elevated,Y18_Plot1_05,spike,FACE,Sample,FALSE,1
SRR9124856,SRR9124856,FACE209,SAMN11840435,Y18,2018_07_24,Y18_Plot1,Elevated,Y18_Plot1_05,spike,FACE,Sample,FALSE,1
SRR9124604,SRR9124604,FACE188,SAMN11840466,Y18,2018_07_17,Y18_Plot3,Elevated,Y18_Plot3_04,leaf,FACE,Sample,FALSE,2
SRR9124607,SRR9124607,FACE187,SAMN11840465,Y18,2018_07_17,Y18_Plot3,Elevated,Y18_Plot3_04,leaf,FACE,Sample,FALSE,2
SRR9124608,SRR9124608,FACE220,SAMN11840470,Y18,2018_07_24,Y18_Plot3,Elevated,Y18_Plot3_06,leaf,FACE,Sample,FALSE,2
SRR9124611,SRR9124611,FACE219,SAMN11840469,Y18,2018_07_24,Y18_Plot3,Elevated,Y18_Plot3_06,leaf,FACE,Sample,FALSE,2
SRR9124615,SRR9124615,FACE251,SAMN11840473,Y18,2018_07_31,Y18_Plot3,Elevated,Y18_Plot3_08,leaf,FACE,Sample,FALSE,2
SRR9124641,SRR9124641,FACE155,SAMN11840461,Y18,2018_07_10,Y18_Plot3,Elevated,Y18_Plot3_02,leaf,FACE,Sample,FALSE,2
SRR9124644,SRR9124644,FACE156,SAMN11840462,Y18,2018_07_10,Y18_Plot3,Elevated,Y18_Plot3_02,leaf,FACE,Sample,FALSE,2
SRR9124745,SRR9124745,FACE252,SAMN11840474,Y18,2018_07_31,Y18_Plot3,Elevated,Y18_Plot3_08,leaf,FACE,Sample,FALSE,2
SRR9124605,SRR9124605,FACE217,SAMN11840467,Y18,2018_07_24,Y18_Plot3,Elevated,Y18_Plot3_05,spike,FACE,Sample,FALSE,2
SRR9124606,SRR9124606,FACE186,SAMN11840464,Y18,2018_07_17,Y18_Plot3,Elevated,Y18_Plot3_03,spike,FACE,Sample,FALSE,2
SRR9124609,SRR9124609,FACE249,SAMN11840471,Y18,2018_07_31,Y18_Plot3,Elevated,Y18_Plot3_07,spike,FACE,Sample,FALSE,2
SRR9124610,SRR9124610,FACE218,SAMN11840468,Y18,2018_07_24,Y18_Plot3,Elevated,Y18_Plot3_05,spike,FACE,Sample,FALSE,2
SRR9124614,SRR9124614,FACE250,SAMN11840472,Y18,2018_07_31,Y18_Plot3,Elevated,Y18_Plot3_07,spike,FACE,Sample,FALSE,2
SRR9124639,SRR9124639,FACE153,SAMN11840459,Y18,2018_07_10,Y18_Plot3,Elevated,Y18_Plot3_01,spike,FACE,Sample,FALSE,2
SRR9124642,SRR9124642,FACE154,SAMN11840460,Y18,2018_07_10,Y18_Plot3,Elevated,Y18_Plot3_01,spike,FACE,Sample,FALSE,2
SRR9124643,SRR9124643,FACE185,SAMN11840463,Y18,2018_07_17,Y18_Plot3,Elevated,Y18_Plot3_03,spike,FACE,Sample,FALSE,2
SRR9124646,SRR9124646,FACE195,SAMN11840497,Y18,2018_07_17,Y18_Plot5,Elevated,Y18_Plot5_04,leaf,FACE,Sample,FALSE,3
SRR9124647,SRR9124647,FACE196,SAMN11840498,Y18,2018_07_17,Y18_Plot5,Elevated,Y18_Plot5_04,leaf,FACE,Sample,FALSE,3
SRR9124650,SRR9124650,FACE227,SAMN11840501,Y18,2018_07_24,Y18_Plot5,Elevated,Y18_Plot5_06,leaf,FACE,Sample,FALSE,3
SRR9124672,SRR9124672,FACE260,SAMN11840506,Y18,2018_07_31,Y18_Plot5,Elevated,Y18_Plot5_08,leaf,FACE,Sample,FALSE,3
SRR9124673,SRR9124673,FACE259,SAMN11840505,Y18,2018_07_31,Y18_Plot5,Elevated,Y18_Plot5_08,leaf,FACE,Sample,FALSE,3
SRR9124693,SRR9124693,FACE163,SAMN11840493,Y18,2018_07_10,Y18_Plot5,Elevated,Y18_Plot5_02,leaf,FACE,Sample,FALSE,3
SRR9124760,SRR9124760,FACE164,SAMN11840494,Y18,2018_07_10,Y18_Plot5,Elevated,Y18_Plot5_02,leaf,FACE,Sample,FALSE,3
SRR9124867,SRR9124867,FACE228,SAMN11840502,Y18,2018_07_24,Y18_Plot5,Elevated,Y18_Plot5_06,leaf,FACE,Sample,FALSE,3
SRR9124645,SRR9124645,FACE194,SAMN11840496,Y18,2018_07_17,Y18_Plot5,Elevated,Y18_Plot5_03,spike,FACE,Sample,FALSE,3
SRR9124648,SRR9124648,FACE225,SAMN11840499,Y18,2018_07_24,Y18_Plot5,Elevated,Y18_Plot5_05,spike,FACE,Sample,FALSE,3
SRR9124649,SRR9124649,FACE226,SAMN11840500,Y18,2018_07_24,Y18_Plot5,Elevated,Y18_Plot5_05,spike,FACE,Sample,FALSE,3
SRR9124674,SRR9124674,FACE258,SAMN11840504,Y18,2018_07_31,Y18_Plot5,Elevated,Y18_Plot5_07,spike,FACE,Sample,FALSE,3
SRR9124692,SRR9124692,FACE162,SAMN11840492,Y18,2018_07_10,Y18_Plot5,Elevated,Y18_Plot5_01,spike,FACE,Sample,FALSE,3
SRR9124697,SRR9124697,FACE161,SAMN11840491,Y18,2018_07_10,Y18_Plot5,Elevated,Y18_Plot5_01,spike,FACE,Sample,FALSE,3
SRR9124780,SRR9124780,FACE193,SAMN11840495,Y18,2018_07_17,Y18_Plot5,Elevated,Y18_Plot5_03,spike,FACE,Sample,FALSE,3
SRR9124869,SRR9124869,FACE257,SAMN11840503,Y18,2018_07_31,Y18_Plot5,Elevated,Y18_Plot5_07,spike,FACE,Sample,FALSE,3
SRR9124666,SRR9124666,FACE204,SAMN11840530,Y18,2018_07_17,Y18_Plot7,Elevated,Y18_Plot7_04,leaf,FACE,Sample,FALSE,4
SRR9124762,SRR9124762,FACE171,SAMN11840525,Y18,2018_07_10,Y18_Plot7,Elevated,Y18_Plot7_02,leaf,FACE,Sample,FALSE,4
SRR9124765,SRR9124765,FACE172,SAMN11840526,Y18,2018_07_10,Y18_Plot7,Elevated,Y18_Plot7_02,leaf,FACE,Sample,FALSE,4
SRR9124766,SRR9124766,FACE203,SAMN11840529,Y18,2018_07_17,Y18_Plot7,Elevated,Y18_Plot7_04,leaf,FACE,Sample,FALSE,4
SRR9124806,SRR9124806,FACE268,SAMN11840538,Y18,2018_07_31,Y18_Plot7,Elevated,Y18_Plot7_08,leaf,FACE,Sample,FALSE,4
SRR9124810,SRR9124810,FACE236,SAMN11840534,Y18,2018_07_24,Y18_Plot7,Elevated,Y18_Plot7_06,leaf,FACE,Sample,FALSE,4
SRR9124813,SRR9124813,FACE267,SAMN11840537,Y18,2018_07_31,Y18_Plot7,Elevated,Y18_Plot7_08,leaf,FACE,Sample,FALSE,4
SRR9124847,SRR9124847,FACE235,SAMN11840533,Y18,2018_07_24,Y18_Plot7,Elevated,Y18_Plot7_06,leaf,FACE,Sample,FALSE,4
SRR9124665,SRR9124665,FACE233,SAMN11840531,Y18,2018_07_24,Y18_Plot7,Elevated,Y18_Plot7_05,spike,FACE,Sample,FALSE,4
SRR9124675,SRR9124675,FACE234,SAMN11840532,Y18,2018_07_24,Y18_Plot7,Elevated,Y18_Plot7_05,spike,FACE,Sample,FALSE,4
SRR9124723,SRR9124723,FACE169,SAMN11840523,Y18,2018_07_10,Y18_Plot7,Elevated,Y18_Plot7_01,spike,FACE,Sample,FALSE,4
SRR9124763,SRR9124763,FACE170,SAMN11840524,Y18,2018_07_10,Y18_Plot7,Elevated,Y18_Plot7_01,spike,FACE,Sample,FALSE,4
SRR9124764,SRR9124764,FACE201,SAMN11840527,Y18,2018_07_17,Y18_Plot7,Elevated,Y18_Plot7_03,spike,FACE,Sample,FALSE,4
SRR9124811,SRR9124811,FACE265,SAMN11840535,Y18,2018_07_31,Y18_Plot7,Elevated,Y18_Plot7_07,spike,FACE,Sample,FALSE,4
SRR9124812,SRR9124812,FACE266,SAMN11840536,Y18,2018_07_31,Y18_Plot7,Elevated,Y18_Plot7_07,spike,FACE,Sample,FALSE,4
